nq,wealth
1,-24.544764
2,-6.4251614
3,0
4,.71144247
5,4.2686548
6,10.039314
7,15.936311
8,25.611927
9,53.00758
10,125.15678
